#,Name,Start,End,Length,Color
M1,,0:01.360,,,FF0000
M2,,0:02.672,,,FF0000
M3,,0:01.822,,,FF0000
M4,,0:17.500,,,FF0000
M5,,0:02.279,,,FF0000
M6,,0:17.667,,,FF0000
M7,,0:03.812,,,FF0000
M8,,0:04.289,,,FF0000
M9,,0:04.728,,,FF0000
M10,,0:05.000,,,FF0000
M11,,0:05.368,,,FF0000
M12,,0:05.641,,,FF0000
M13,,0:06.000,,,FF0000
M14,,0:06.265,,,FF0000
M15,,0:06.744,,,FF0000
M16,,0:07.196,,,FF0000
M17,,0:07.582,,,FF0000
M18,,0:08.732,,,FF0000
M19,,0:10.000,,,FF0000
M20,,0:11.262,,,FF0000
M21,,0:11.823,,,FF0000
M22,,0:12.283,,,FF0000
M23,,0:12.583,,,FF0000
M24,,0:12.756,,,FF0000
M25,,0:12.901,,,FF0000
M26,,0:13.094,,,FF0000
M27,,0:13.661,,,FF0000
M28,,0:14.129,,,FF0000
M29,,0:14.752,,,FF0000
M30,,0:15.500,,,FF0000
M31,,0:16.123,,,FF0000
M32,,0:16.727,,,FF0000
M33,,0:17.189,,,FF0000
M34,,0:17.829,,,FF0000
M35,,0:17.980,,,FF0000
M36,,0:18.576,,,FF0000
M37,,0:20.000,,,FF0000
M38,,0:21.046,,,FF0000
M39,,0:21.657,,,FF0000
M40,,0:22.275,,,FF0000
M41,,0:22.912,,,FF0000
